URL,SAS,DFP
https://diariocorreo.pe/politica,siteId: 83955 pageId: 732417 formatId: 42131 ,/3014206/prensmart_coreo_movil_1_portada_politica
,siteId: 83955 pageId: 732417 formatId: 47167 ,/3014206/prensmart_coreo_movil_2_portada_politica
,siteId: 83955 pageId: 732417 formatId: 47157 ,/3014206/prensmart_coreo_movil_3_portada_politica
,,/3014206/prensmart_coreo_movil_4_portada_politica
,,/3014206/prensmart_coreo_movil_5_portada_politica
,,/3014206/prensmart_coreo_movil_1_portada_politica
,,/3014206/prensmart_coreo_movil_2_portada_politica
,,/3014206/prensmart_coreo_movil_3_portada_politica
,,/3014206/prensmart_coreo_movil_4_portada_politica
,,/3014206/prensmart_coreo_movil_5_portada_politica
,,/3014206/prensmart_coreo_movil_1_portada_politica
,,/3014206/prensmart_coreo_movil_2_portada_politica
,,/3014206/prensmart_coreo_movil_3_portada_politica
,,/3014206/prensmart_coreo_movil_4_portada_politica
,,/3014206/prensmart_coreo_movil_5_portada_politica
https://diariocorreo.pe/miscelanea,siteId: 83955 pageId: 732417 formatId: 42131 ,/3014206/prensmart_coreo_movil_1_portada_miscelanea
,siteId: 83955 pageId: 732417 formatId: 47167 ,/3014206/prensmart_coreo_movil_2_portada_miscelanea
,siteId: 83955 pageId: 732417 formatId: 47157 ,/3014206/prensmart_coreo_movil_3_portada_miscelanea
,,/3014206/prensmart_coreo_movil_4_portada_miscelanea
,,/3014206/prensmart_coreo_movil_5_portada_miscelanea
,,/3014206/prensmart_coreo_movil_1_portada_miscelanea
,,/3014206/prensmart_coreo_movil_2_portada_miscelanea
,,/3014206/prensmart_coreo_movil_3_portada_miscelanea
,,/3014206/prensmart_coreo_movil_4_portada_miscelanea
,,/3014206/prensmart_coreo_movil_5_portada_miscelanea
,,/3014206/prensmart_coreo_movil_1_portada_miscelanea
,,/3014206/prensmart_coreo_movil_2_portada_miscelanea
,,/3014206/prensmart_coreo_movil_3_portada_miscelanea
,,/3014206/prensmart_coreo_movil_4_portada_miscelanea
,,/3014206/prensmart_coreo_movil_5_portada_miscelanea
https://diariocorreo.pe/gastronomia,siteId: 83955 pageId: 732417 formatId: 42131 ,/3014206/prensmart_coreo_movil_1_portada_gastronomia
,siteId: 83955 pageId: 732417 formatId: 47167 ,/3014206/prensmart_coreo_movil_2_portada_gastronomia
,siteId: 83955 pageId: 732417 formatId: 47157 ,/3014206/prensmart_coreo_movil_3_portada_gastronomia
,,/3014206/prensmart_coreo_movil_4_portada_gastronomia
,,/3014206/prensmart_coreo_movil_5_portada_gastronomia
,,/3014206/prensmart_coreo_movil_1_portada_gastronomia
,,/3014206/prensmart_coreo_movil_2_portada_gastronomia
,,/3014206/prensmart_coreo_movil_3_portada_gastronomia
,,/3014206/prensmart_coreo_movil_4_portada_gastronomia
,,/3014206/prensmart_coreo_movil_5_portada_gastronomia
,,/3014206/prensmart_coreo_movil_1_portada_gastronomia
,,/3014206/prensmart_coreo_movil_2_portada_gastronomia
,,/3014206/prensmart_coreo_movil_3_portada_gastronomia
,,/3014206/prensmart_coreo_movil_4_portada_gastronomia
,,/3014206/prensmart_coreo_movil_5_portada_gastronomia
https://diariocorreo.pe/deportes,siteId: 83955 pageId: 732417 formatId: 42131 ,/3014206/prensmart_coreo_movil_1_portada_deportes
,siteId: 83955 pageId: 732417 formatId: 47167 ,/3014206/prensmart_coreo_movil_2_portada_deportes
,siteId: 83955 pageId: 732417 formatId: 47157 ,/3014206/prensmart_coreo_movil_3_portada_deportes
,,/3014206/prensmart_coreo_movil_4_portada_deportes
,,/3014206/prensmart_coreo_movil_5_portada_deportes
,,/3014206/prensmart_coreo_movil_1_portada_deportes
,,/3014206/prensmart_coreo_movil_2_portada_deportes
,,/3014206/prensmart_coreo_movil_3_portada_deportes
,,/3014206/prensmart_coreo_movil_4_portada_deportes
,,/3014206/prensmart_coreo_movil_5_portada_deportes
,,/3014206/prensmart_coreo_movil_1_portada_deportes
,,/3014206/prensmart_coreo_movil_2_portada_deportes
,,/3014206/prensmart_coreo_movil_3_portada_deportes
,,/3014206/prensmart_coreo_movil_4_portada_deportes
,,/3014206/prensmart_coreo_movil_5_portada_deportes
https://diariocorreo.pe/economia,siteId: 83955 pageId: 732417 formatId: 42131 ,/3014206/prensmart_coreo_movil_1_portada_economia
,siteId: 83955 pageId: 732417 formatId: 47167 ,/3014206/prensmart_coreo_movil_2_portada_economia
,siteId: 83955 pageId: 732417 formatId: 47157 ,/3014206/prensmart_coreo_movil_3_portada_economia
,,/3014206/prensmart_coreo_movil_4_portada_economia
,,/3014206/prensmart_coreo_movil_5_portada_economia
,,/3014206/prensmart_coreo_movil_1_portada_economia
,,/3014206/prensmart_coreo_movil_2_portada_economia
,,/3014206/prensmart_coreo_movil_3_portada_economia
,,/3014206/prensmart_coreo_movil_4_portada_economia
,,/3014206/prensmart_coreo_movil_5_portada_economia
,,/3014206/prensmart_coreo_movil_1_portada_economia
,,/3014206/prensmart_coreo_movil_2_portada_economia
,,/3014206/prensmart_coreo_movil_3_portada_economia
,,/3014206/prensmart_coreo_movil_4_portada_economia
,,/3014206/prensmart_coreo_movil_5_portada_economia
